{
  "project_info": {
    "project_number": "325316926943",
    "project_id": "y2s2mad",
    "storage_bucket": "y2s2mad.appspot.com"
  },
  "client": [
    {
      "client_info": {
        "mobilesdk_app_id": "1:325316926943:android:e2ad352ea046ec2fcfb86a",
        "android_client_info": {
          "package_name": "com.example.y2s2mad"
        }
      },
      "oauth_client": [
        {
          "client_id": "325316926943-imi7e333ed44kh8p55eob3quhs3lnaob.apps.googleusercontent.com",
          "client_type": 3
        }
      ],
      "api_key": [
        {
          "current_key": "AIzaSyASWGYgZ4PzmkEVFdXUldge4N-nrlqW9c0"
        }
      ],
      "services": {
        "appinvite_service": {
          "other_platform_oauth_client": [
            {
              "client_id": "325316926943-imi7e333ed44kh8p55eob3quhs3lnaob.apps.googleusercontent.com",
              "client_type": 3
            }
          ]
        }
      }
    }
  ],
  "configuration_version": "1"
}